{"ast":null,"code":"module[\"exports\"] = [\"Aix-en-Provence\", \"Ajaccio\", \"Amiens\", \"Angers\", \"Antibes\", \"Antony\", \"Argenteuil\", \"Asnières-sur-Seine\", \"Aubervilliers\", \"Aulnay-sous-Bois\", \"Avignon\", \"Beauvais\", \"Besançon\", \"Béziers\", \"Bordeaux\", \"Boulogne-Billancourt\", \"Bourges\", \"Brest\", \"Caen\", \"Calais\", \"Cannes\", \"Cayenne\", \"Cergy\", \"Chambéry\", \"Champigny-sur-Marne\", \"Cholet\", \"Clermont-Ferrand\", \"Clichy\", \"Colmar\", \"Colombes\", \"Courbevoie\", \"Créteil\", \"Dijon\", \"Drancy\", \"Dunkerque\", \"Fort-de-France\", \"Grenoble\", \"Hyères\", \"Issy-les-Moulineaux\", \"Ivry-sur-Seine\", \"La Rochelle\", \"La Seyne-sur-Mer\", \"Le Havre\", \"Le Mans\", \"Le Tampon\", \"Les Abymes\", \"Levallois-Perret\", \"Lille\", \"Limoges\", \"Lorient\", \"Lyon\", \"Marseille\", \"Mérignac\", \"Metz\", \"Montauban\", \"Montpellier\", \"Montreuil\", \"Mulhouse\", \"Nancy\", \"Nanterre\", \"Nantes\", \"Neuilly-sur-Seine\", \"Nice\", \"Nîmes\", \"Niort\", \"Noisy-le-Grand\", \"Orléans\", \"Paris\", \"Pau\", \"Perpignan\", \"Pessac\", \"Poitiers\", \"Quimper\", \"Reims\", \"Rennes\", \"Roubaix\", \"Rouen\", \"Rueil-Malmaison\", \"Saint-Denis\", \"Saint-Denis\", \"Saint-Étienne\", \"Saint-Maur-des-Fossés\", \"Saint-Nazaire\", \"Saint-Paul\", \"Saint-Pierre\", \"Saint-Quentin\", \"Sarcelles\", \"Strasbourg\", \"Toulon\", \"Toulouse\", \"Tourcoing\", \"Tours\", \"Troyes\", \"Valence\", \"Vénissieux\", \"Versailles\", \"Villejuif\", \"Villeneuve-d'Ascq\", \"Villeurbanne\", \"Vitry-sur-Seine\"];","map":{"version":3,"sources":["/Users/qazi-amaan/Documents/mini-project/react-admin/node_modules/faker/lib/locales/fr/address/city_name.js"],"names":["module"],"mappings":"AAAAA,MAAM,CAAC,SAAD,CAAN,GAAoB,CAClB,iBADkB,EAElB,SAFkB,EAGlB,QAHkB,EAIlB,QAJkB,EAKlB,SALkB,EAMlB,QANkB,EAOlB,YAPkB,EAQlB,oBARkB,EASlB,eATkB,EAUlB,kBAVkB,EAWlB,SAXkB,EAYlB,UAZkB,EAalB,UAbkB,EAclB,SAdkB,EAelB,UAfkB,EAgBlB,sBAhBkB,EAiBlB,SAjBkB,EAkBlB,OAlBkB,EAmBlB,MAnBkB,EAoBlB,QApBkB,EAqBlB,QArBkB,EAsBlB,SAtBkB,EAuBlB,OAvBkB,EAwBlB,UAxBkB,EAyBlB,qBAzBkB,EA0BlB,QA1BkB,EA2BlB,kBA3BkB,EA4BlB,QA5BkB,EA6BlB,QA7BkB,EA8BlB,UA9BkB,EA+BlB,YA/BkB,EAgClB,SAhCkB,EAiClB,OAjCkB,EAkClB,QAlCkB,EAmClB,WAnCkB,EAoClB,gBApCkB,EAqClB,UArCkB,EAsClB,QAtCkB,EAuClB,qBAvCkB,EAwClB,gBAxCkB,EAyClB,aAzCkB,EA0ClB,kBA1CkB,EA2ClB,UA3CkB,EA4ClB,SA5CkB,EA6ClB,WA7CkB,EA8ClB,YA9CkB,EA+ClB,kBA/CkB,EAgDlB,OAhDkB,EAiDlB,SAjDkB,EAkDlB,SAlDkB,EAmDlB,MAnDkB,EAoDlB,WApDkB,EAqDlB,UArDkB,EAsDlB,MAtDkB,EAuDlB,WAvDkB,EAwDlB,aAxDkB,EAyDlB,WAzDkB,EA0DlB,UA1DkB,EA2DlB,OA3DkB,EA4DlB,UA5DkB,EA6DlB,QA7DkB,EA8DlB,mBA9DkB,EA+DlB,MA/DkB,EAgElB,OAhEkB,EAiElB,OAjEkB,EAkElB,gBAlEkB,EAmElB,SAnEkB,EAoElB,OApEkB,EAqElB,KArEkB,EAsElB,WAtEkB,EAuElB,QAvEkB,EAwElB,UAxEkB,EAyElB,SAzEkB,EA0ElB,OA1EkB,EA2ElB,QA3EkB,EA4ElB,SA5EkB,EA6ElB,OA7EkB,EA8ElB,iBA9EkB,EA+ElB,aA/EkB,EAgFlB,aAhFkB,EAiFlB,eAjFkB,EAkFlB,uBAlFkB,EAmFlB,eAnFkB,EAoFlB,YApFkB,EAqFlB,cArFkB,EAsFlB,eAtFkB,EAuFlB,WAvFkB,EAwFlB,YAxFkB,EAyFlB,QAzFkB,EA0FlB,UA1FkB,EA2FlB,WA3FkB,EA4FlB,OA5FkB,EA6FlB,QA7FkB,EA8FlB,SA9FkB,EA+FlB,YA/FkB,EAgGlB,YAhGkB,EAiGlB,WAjGkB,EAkGlB,mBAlGkB,EAmGlB,cAnGkB,EAoGlB,iBApGkB,CAApB","sourcesContent":["module[\"exports\"] = [\n  \"Aix-en-Provence\",\n  \"Ajaccio\",\n  \"Amiens\",\n  \"Angers\",\n  \"Antibes\",\n  \"Antony\",\n  \"Argenteuil\",\n  \"Asnières-sur-Seine\",\n  \"Aubervilliers\",\n  \"Aulnay-sous-Bois\",\n  \"Avignon\",\n  \"Beauvais\",\n  \"Besançon\",\n  \"Béziers\",\n  \"Bordeaux\",\n  \"Boulogne-Billancourt\",\n  \"Bourges\",\n  \"Brest\",\n  \"Caen\",\n  \"Calais\",\n  \"Cannes\",\n  \"Cayenne\",\n  \"Cergy\",\n  \"Chambéry\",\n  \"Champigny-sur-Marne\",\n  \"Cholet\",\n  \"Clermont-Ferrand\",\n  \"Clichy\",\n  \"Colmar\",\n  \"Colombes\",\n  \"Courbevoie\",\n  \"Créteil\",\n  \"Dijon\",\n  \"Drancy\",\n  \"Dunkerque\",\n  \"Fort-de-France\",\n  \"Grenoble\",\n  \"Hyères\",\n  \"Issy-les-Moulineaux\",\n  \"Ivry-sur-Seine\",\n  \"La Rochelle\",\n  \"La Seyne-sur-Mer\",\n  \"Le Havre\",\n  \"Le Mans\",\n  \"Le Tampon\",\n  \"Les Abymes\",\n  \"Levallois-Perret\",\n  \"Lille\",\n  \"Limoges\",\n  \"Lorient\",\n  \"Lyon\",\n  \"Marseille\",\n  \"Mérignac\",\n  \"Metz\",\n  \"Montauban\",\n  \"Montpellier\",\n  \"Montreuil\",\n  \"Mulhouse\",\n  \"Nancy\",\n  \"Nanterre\",\n  \"Nantes\",\n  \"Neuilly-sur-Seine\",\n  \"Nice\",\n  \"Nîmes\",\n  \"Niort\",\n  \"Noisy-le-Grand\",\n  \"Orléans\",\n  \"Paris\",\n  \"Pau\",\n  \"Perpignan\",\n  \"Pessac\",\n  \"Poitiers\",\n  \"Quimper\",\n  \"Reims\",\n  \"Rennes\",\n  \"Roubaix\",\n  \"Rouen\",\n  \"Rueil-Malmaison\",\n  \"Saint-Denis\",\n  \"Saint-Denis\",\n  \"Saint-Étienne\",\n  \"Saint-Maur-des-Fossés\",\n  \"Saint-Nazaire\",\n  \"Saint-Paul\",\n  \"Saint-Pierre\",\n  \"Saint-Quentin\",\n  \"Sarcelles\",\n  \"Strasbourg\",\n  \"Toulon\",\n  \"Toulouse\",\n  \"Tourcoing\",\n  \"Tours\",\n  \"Troyes\",\n  \"Valence\",\n  \"Vénissieux\",\n  \"Versailles\",\n  \"Villejuif\",\n  \"Villeneuve-d'Ascq\",\n  \"Villeurbanne\",\n  \"Vitry-sur-Seine\"\n];\n"]},"metadata":{},"sourceType":"script"}